{
  "fold_scores": [
    0.9159420289855073,
    0.8774064171122995,
    0.8351604278074867,
    0.8641711229946525,
    0.8932322829410984
  ],
  "mean_score": 0.8771824559682088,
  "std_score": 0.027184912144152033,
  "oof_score": 0.8758614812684414
}