{
  "cv_auc": 0.8727813370334896,
  "cv_std": 0.020239361187351167,
  "survival_rate": 0.36363636363636365
}