{
  "fold_scores": [
    0.9100790513833993,
    0.8733957219251338,
    0.8419117647058824,
    0.8618983957219251,
    0.8974205557771573
  ],
  "mean_score": 0.8769410979026995,
  "std_score": 0.024427193533667044,
  "oof_score": 0.875336869800488
}